feature_name	labels	pred_labels	genes	probes	probe_gene_ids
cg00000957_NPHP4	2	2	NPHP4	cg00000957	898
cg00001534_FAF1	2	2	FAF1	cg00001534	902
cg00003513_CASZ1	2	2	CASZ1	cg00003513	906
cg00006397_NHLH1	2	2	NHLH1	cg00006397	908
cg00006626_NUP210L	2	2	NUP210L	cg00006626	909
cg00012317_FCGR1C	2	2	FCGR1C	cg00012317	914
cg00013899_CACHD1	2	2	CACHD1	cg00013899	916
cg00016996_RER1	2	2	RER1	cg00016996	921
cg00026546_HPCA	2	2	HPCA	cg00026546	930
cg00030466_PRDM16	2	2	PRDM16	cg00030466	934
cg00032879_MORN1	2	2	MORN1	cg00032879	937
cg00059015_HOOK1	2	2	HOOK1	cg00059015	964
cg00063346_OBSCN	2	2	OBSCN	cg00063346	965
cg00063699_PTPN14	2	2	PTPN14	cg00063699	967
cg00066554_VANGL2	2	2	VANGL2	cg00066554	971
cg00067058_GPATCH3	3	2	GPATCH3	cg00067058	973
cg00068153_CACNA1S	2	2	CACNA1S	cg00068153	976
cg00069059_CCDC17	2	2	CCDC17	cg00069059	979
cg00087511_SLC2A7	2	2	SLC2A7	cg00087511	994
cg00091004_PRELP	2	2	PRELP	cg00091004	1002
cg00094095_SNRPE	2	2	SNRPE	cg00094095	1006
cg00103908_PRDM16	2	2	PRDM16	cg00103908	1018
cg00106196_PRDM16	2	2	PRDM16	cg00106196	1020
cg00109164_GPA33	2	2	GPA33	cg00109164	1022
cg00109293_PRDM16	2	2	PRDM16	cg00109293	1023
cg00112260_PEF1	2	2	PEF1	cg00112260	1026
cg00116658_FAM89A	3	2	FAM89A	cg00116658	1035
cg00119186_OR6K2	2	2	OR6K2	cg00119186	1038
cg00119241_KIAA1026	2	2	KIAA1026	cg00119241	1039
cg00121374_ARHGEF16	2	2	ARHGEF16	cg00121374	1041
cg00142815_TMCC2	2	2	TMCC2	cg00142815	1043
cg00145911_SAMD11	2	2	SAMD11	cg00145911	1046
cg00145969_FAM5C	3	2	FAM5C	cg00145969	1047
cg00149537_SPSB1	2	2	SPSB1	cg00149537	1056
cg00149805_CDC42BPA	2	2	CDC42BPA	cg00149805	1057
cg00152047_ILDR2	2	2	ILDR2	cg00152047	1061
cg00160583_COL16A1	2	2	COL16A1	cg00160583	1068
cg00165121_VASH2	2	2	VASH2	cg00165121	1078
cg00169111_MAP7D1	2	2	MAP7D1	cg00169111	1082
cg00172631_C1orf21	2	2	C1orf21	cg00172631	1087
cg00174654_BCAS2	2	2	BCAS2	cg00174654	1090
cg00175702_PRKCZ	2	2	PRKCZ	cg00175702	1092
cg00178661_IGSF3	2	2	IGSF3	cg00178661	1097
cg00197028_PTPRF	2	2	PTPRF	cg00197028	1103
cg00222472_PBX1	3	2	PBX1	cg00222472	1107
cg00223046_KCNAB2	2	2	KCNAB2	cg00223046	1108
cg00228689_LRP8	2	2	LRP8	cg00228689	1109
cg00228796_ECE1	2	2	ECE1	cg00228796	1110
cg00233485_HPDL	2	2	HPDL	cg00233485	1111
cg00234370_KIAA0319L	2	2	KIAA0319L	cg00234370	1112
cg00242098_KPRP	2	2	KPRP	cg00242098	1113
cg00252804_CHD5	2	2	CHD5	cg00252804	1121
cg00257659_LAMB3	2	2	LAMB3	cg00257659	1127
cg00299070_RYR2	2	2	RYR2	cg00299070	1142
cg00303919_REG4	2	2	REG4	cg00303919	1146
cg00304959_LMNA	2	2	LMNA	cg00304959	1147
cg00305874_WDR8	2	2	WDR8	cg00305874	1149
cg00308185_BRDT	3	2	BRDT	cg00308185	1153
cg00310404_SYTL1	2	2	SYTL1	cg00310404	1157
cg00319312_ATP2B4	2	2	ATP2B4	cg00319312	1166
cg00329272_PRDM16	2	2	PRDM16	cg00329272	1180
cg00340138_ZNF496	2	2	ZNF496	cg00340138	1188
cg00341297_TMEM51	2	2	TMEM51	cg00341297	1190
cg00344655_ECE1	2	2	ECE1	cg00344655	1195
cg00346446_MRPL24	2	2	MRPL24	cg00346446	1197
cg00349573_PLD5	2	2	PLD5	cg00349573	1199
cg00352560_RNF220	2	2	RNF220	cg00352560	1206
cg00353407_ARHGEF11	2	2	ARHGEF11	cg00353407	1208
cg00355315_SSU72	2	2	SSU72	cg00355315	1210
cg00356916_CASQ2	3	2	CASQ2	cg00356916	1213
cg00371134_AK5	2	2	AK5	cg00371134	1217
cg00385761_WNT9A	2	2	WNT9A	cg00385761	1219
cg00385956_NPHP4	2	2	NPHP4	cg00385956	1220
cg00387551_PRDM16	2	2	PRDM16	cg00387551	1222
cg00388838_GSTM3	2	2	GSTM3	cg00388838	1224
cg00392677_CSMD2	2	2	CSMD2	cg00392677	1226
cg00401797_PRDM16	2	2	PRDM16	cg00401797	1233
cg00419117_C1orf69	2	2	C1orf69	cg00419117	1245
cg00421368_GJA5	2	2	GJA5	cg00421368	1247
cg00423597_KIAA1522	2	2	KIAA1522	cg00423597	1250
cg00428296_PGBD5	2	2	PGBD5	cg00428296	1254
cg00450425_VANGL1	2	2	VANGL1	cg00450425	1259
cg00459683_FAM58B	2	2	FAM58B	cg00459683	1272
cg00462430_SIPA1L2	2	2	SIPA1L2	cg00462430	1275
cg00465927_PAQR7	2	2	PAQR7	cg00465927	1281
cg00491404_EPS8L3	2	2	EPS8L3	cg00491404	1282
cg00497172_PEAR1	2	2	PEAR1	cg00497172	1284
cg00499831_CSMD2	2	2	CSMD2	cg00499831	1285
cg00521428_ARHGEF19	2	2	ARHGEF19	cg00521428	1295
cg00524289_EPHX1	2	2	EPHX1	cg00524289	1297
cg00529422_ZBTB17	2	2	ZBTB17	cg00529422	1303
cg00534255_PTGFRN	2	2	PTGFRN	cg00534255	1309
cg00535618_AJAP1	2	2	AJAP1	cg00535618	1310
cg00539261_SYTL1	2	2	SYTL1	cg00539261	1313
cg00542041_DVL1	2	2	DVL1	cg00542041	1314
cg00542299_CLCN6	2	2	CLCN6	cg00542299	1315
cg00557440_ZNF642	2	2	ZNF642	cg00557440	1328
cg00562088_MEGF6	2	2	MEGF6	cg00562088	1330
cg00566164_OBSCN	2	2	OBSCN	cg00566164	1336
cg00575003_ESRRG	2	2	ESRRG	cg00575003	1347
cg00583147_CD247	2	2	CD247	cg00583147	1359
cg00584602_WDR47	2	2	WDR47	cg00584602	1360
cg00619207_DENND2D	2	2	DENND2D	cg00619207	1368
cg00624908_PRDM16	2	2	PRDM16	cg00624908	1369
cg00645626_LAMC1	2	2	LAMC1	cg00645626	1374
cg00651912_B4GALT2	2	2	B4GALT2	cg00651912	1379
cg00656410_SDF4	2	2	SDF4	cg00656410	1383
cg00656881_C1orf86	2	2	C1orf86	cg00656881	1385
cg00665827_CAMTA1	2	2	CAMTA1	cg00665827	1393
cg00666640_OR2T12	2	2	OR2T12	cg00666640	1395
cg00667048_MORN1	2	2	MORN1	cg00667048	1396
cg00690392_ENAH	2	2	ENAH	cg00690392	1400
cg00692462_AJAP1	3	2	AJAP1	cg00692462	1402
cg00696472_FAAH	2	2	FAAH	cg00696472	1405
cg00697378_EFCAB7	2	2	EFCAB7	cg00697378	1406
cg00702072_SSBP3	2	2	SSBP3	cg00702072	1413
cg00702307_ZBTB17	2	2	ZBTB17	cg00702307	1414
cg00713435_PRDM16	2	2	PRDM16	cg00713435	1419
cg00715811_OR2W5	2	2	OR2W5	cg00715811	1421
cg00719568_MOV10	2	2	MOV10	cg00719568	1429
cg00722329_PLCH2	2	2	PLCH2	cg00722329	1430
cg00737593_SLC2A1	2	2	SLC2A1	cg00737593	1432
cg00756860_PDE4DIP	2	2	PDE4DIP	cg00756860	1437
cg00756887_PVRL4	2	2	PVRL4	cg00756887	1438
cg00758420_TMEM82	3	2	TMEM82	cg00758420	1441
cg00761363_EVI5	3	2	EVI5	cg00761363	1446
cg00768741_HSPG2	2	2	HSPG2	cg00768741	1453
cg00777341_WDR8	2	2	WDR8	cg00777341	1459
cg00779393_RPF1	2	2	RPF1	cg00779393	1463
cg00786939_OTUD3	2	2	OTUD3	cg00786939	1472
cg00792251_CAPN2	2	2	CAPN2	cg00792251	1479
cg00796611_SRGAP2	3	2	SRGAP2	cg00796611	1482
cg00801514_MANEAL	2	2	MANEAL	cg00801514	1483
cg00804995_ESRRG	2	2	ESRRG	cg00804995	1486
cg00806505_MYOC	2	2	MYOC	cg00806505	1488
cg00806535_TNNI3K	2	2	TNNI3K	cg00806535	1489
cg00810939_IL22RA1	2	2	IL22RA1	cg00810939	1494
cg00812246_BSND	2	2	BSND	cg00812246	1496
cg00813560_KCNAB2	2	2	KCNAB2	cg00813560	1498
cg00815519_GJC2	2	2	GJC2	cg00815519	1501
cg00821567_TRIM62	2	2	TRIM62	cg00821567	1508
cg00827239_DFFB	2	2	DFFB	cg00827239	1512
cg00827745_IGSF21	2	2	IGSF21	cg00827745	1513
cg00832644_C1orf111	2	2	C1orf111	cg00832644	1516
cg00850612_KCNAB2	2	2	KCNAB2	cg00850612	1523
cg00855479_VPS13D	2	2	VPS13D	cg00855479	1533
cg00865962_EPS8L3	2	2	EPS8L3	cg00865962	1543
cg00866295_ATP2B4	2	2	ATP2B4	cg00866295	1544
cg00890145_PDE4DIP	2	2	PDE4DIP	cg00890145	1554
cg00894252_SH2D2A	2	2	SH2D2A	cg00894252	1558
cg00907503_FOXJ3	2	2	FOXJ3	cg00907503	1570
cg00909706_MIR34A	2	2	MIR34A	cg00909706	1572
cg00912946_UBQLN4	2	2	UBQLN4	cg00912946	1576
cg00914146_FMN2	2	2	FMN2	cg00914146	1578
cg00914354_CROCC	2	2	CROCC	cg00914354	1579
cg00920395_OR6K3	2	2	OR6K3	cg00920395	1584
cg00924622_CROCCL2	2	2	CROCCL2	cg00924622	1592
cg00927134_MEGF6	2	2	MEGF6	cg00927134	1593
cg00930306_MUC1	2	2	MUC1	cg00930306	1597
cg00940433_NR5A2	2	2	NR5A2	cg00940433	1608
cg00948250_KCNJ10	2	2	KCNJ10	cg00948250	1612
cg00949801_GREM2	2	2	GREM2	cg00949801	1613
cg00953211_HFE2	2	2	HFE2	cg00953211	1616
cg00953309_EPHA2	2	2	EPHA2	cg00953309	1617
cg00953314_PLXNA2	2	2	PLXNA2	cg00953314	1618
cg00955686_MAP7D1	2	2	MAP7D1	cg00955686	1624
cg00960373_SLFNL1	2	2	SLFNL1	cg00960373	1631
cg00961640_SLC16A4	2	2	SLC16A4	cg00961640	1634
cg00971228_SLC25A24	2	2	SLC25A24	cg00971228	1643
cg00978203_MAN1C1	2	2	MAN1C1	cg00978203	1649
cg00979527_AJAP1	2	2	AJAP1	cg00979527	1650
cg00987350_C1orf21	2	2	C1orf21	cg00987350	1655
cg00987890_CENPF	2	2	CENPF	cg00987890	1658
cg00988396_MORN1	2	2	MORN1	cg00988396	1659
cg00994251_MEGF6	2	2	MEGF6	cg00994251	1662
cg00997327_MTOR	2	2	MTOR	cg00997327	1669
cg00997699_PLXNA2	2	2	PLXNA2	cg00997699	1670
cg00998379_GPX7	2	2	GPX7	cg00998379	1671
cg01012879_ADSS	3	2	ADSS	cg01012879	1683
cg01013031_RPS10P7	2	2	RPS10P7	cg01013031	1684
cg01022121_PLCH2	2	2	PLCH2	cg01022121	1688
cg01024473_CCDC28B	2	2	CCDC28B	cg01024473	1691
cg01024783_NBPF3	2	2	NBPF3	cg01024783	1692
cg01047045_PRDM16	2	2	PRDM16	cg01047045	1701
cg01048764_IPO9	2	2	IPO9	cg01048764	1702
cg01049068_ROR1	2	2	ROR1	cg01049068	1703
cg01056590_CABC1	2	2	CABC1	cg01056590	1710
cg01063509_PLA2G2C	2	2	PLA2G2C	cg01063509	1718
cg01065210_RER1	2	2	RER1	cg01065210	1720
cg01065905_SLC30A7	2	2	SLC30A7	cg01065905	1722
cg01068240_KIAA0467	2	2	KIAA0467	cg01068240	1726
cg01071440_CAPZB	2	2	CAPZB	cg01071440	1730
cg01072807_SMYD3	2	2	SMYD3	cg01072807	1731
cg01073918_PRKCZ	2	2	PRKCZ	cg01073918	1732
cg01080986_GALNT2	2	2	GALNT2	cg01080986	1741
cg01097102_DOCK7	2	2	DOCK7	cg01097102	1747
cg01143426_MPL	2	2	MPL	cg01143426	1758
cg01178703_MFN2	2	2	MFN2	cg01178703	1765
cg01179095_CLCN6	2	2	CLCN6	cg01179095	1766
cg01195848_OBSCN	2	2	OBSCN	cg01195848	1775
cg01208873_KIAA1026	2	2	KIAA1026	cg01208873	1780
cg01232909_C1orf95	2	2	C1orf95	cg01232909	1783
cg01250454_S100A11	2	2	S100A11	cg01250454	1786
cg01309569_NPHP4	2	2	NPHP4	cg01309569	1791
cg01394461_NOC2L	2	2	NOC2L	cg01394461	1817
cg01398941_C1orf177	2	2	C1orf177	cg01398941	1821
cg01399485_CASZ1	2	2	CASZ1	cg01399485	1822
cg01416168_SLC5A9	2	2	SLC5A9	cg01416168	1833
cg01417313_SERTAD4	2	2	SERTAD4	cg01417313	1834
cg01417625_LAMC2	2	2	LAMC2	cg01417625	1835
cg01420001_SLC35F3	2	2	SLC35F3	cg01420001	1839
cg01425293_TRIM46	2	2	TRIM46	cg01425293	1844
cg01426303_SNAP47	2	2	SNAP47	cg01426303	1845
cg01441387_NTRK1	2	2	NTRK1	cg01441387	1864
cg01443488_APCS	2	2	APCS	cg01443488	1866
cg01472176_LEFTY1	2	2	LEFTY1	cg01472176	1877
cg01486686_EPHA8	2	2	EPHA8	cg01486686	1880
cg01505109_TMEM201	2	2	TMEM201	cg01505109	1883
cg01512396_TRIM11	2	2	TRIM11	cg01512396	1885
cg01514015_GPR137B	2	2	GPR137B	cg01514015	1886
cg01515136_ACAP3	2	2	ACAP3	cg01515136	1889
cg01515427_DMRTB1	2	2	DMRTB1	cg01515427	1890
cg01515508_CASZ1	2	2	CASZ1	cg01515508	1891
cg01517962_PRDM16	2	2	PRDM16	cg01517962	1896
cg01519195_MEGF6	2	2	MEGF6	cg01519195	1897
cg01522970_SPEN	2	2	SPEN	cg01522970	1904
cg01534316_ADORA3	2	2	ADORA3	cg01534316	1905
cg01550545_NFIA	2	2	NFIA	cg01550545	1915
cg01554357_PBX1	2	2	PBX1	cg01554357	1921
cg01555432_PLEKHM2	2	2	PLEKHM2	cg01555432	1923
cg01574241_UCK2	2	2	UCK2	cg01574241	1934
cg01574287_KISS1	2	2	KISS1	cg01574287	1935
cg01602166_SHISA4	2	2	SHISA4	cg01602166	1941
cg01637734_CD5L	2	2	CD5L	cg01637734	1950
cg01671575_PGBD5	3	2	PGBD5	cg01671575	1953
cg01676680_TRIM62	2	2	TRIM62	cg01676680	1954
cg01715499_CAMTA1	2	2	CAMTA1	cg01715499	1962
cg01717800_RC3H1	2	2	RC3H1	cg01717800	1964
cg01725297_CLCN6	2	2	CLCN6	cg01725297	1971
cg01729401_GNB1	2	2	GNB1	cg01729401	1981
cg01732037_TBX19	2	2	TBX19	cg01732037	1983
cg01755342_CALML6	3	2	CALML6	cg01755342	1989
cg01778864_KIAA1324	2	2	KIAA1324	cg01778864	2009
cg01782024_CDC7	2	2	CDC7	cg01782024	2012
cg01783960_CROCC	2	2	CROCC	cg01783960	2015
cg01789576_GJC2	2	2	GJC2	cg01789576	2018
cg01790353_PADI4	2	2	PADI4	cg01790353	2019
cg01791906_RNF220	2	2	RNF220	cg01791906	2021
cg01794853_HSPG2	2	2	HSPG2	cg01794853	2029
cg01796075_PEAR1	2	2	PEAR1	cg01796075	2030
cg01802953_SERPINC1	2	2	SERPINC1	cg01802953	2039
cg01808320_CNIH3	2	2	CNIH3	cg01808320	2045
cg01812865_RER1	2	2	RER1	cg01812865	2054
cg01813393_KANK4	2	2	KANK4	cg01813393	2055
cg01815536_TSHB	2	2	TSHB	cg01815536	2057
cg01815718_PLEKHM2	2	2	PLEKHM2	cg01815718	2058
cg01833122_CD247	2	2	CD247	cg01833122	2072
cg01834541_PEX14	2	2	PEX14	cg01834541	2075
cg01883208_PCNXL2	2	2	PCNXL2	cg01883208	2085
cg01911529_IFI6	2	2	IFI6	cg01911529	2098
cg01918604_ADORA3	2	2	ADORA3	cg01918604	2102
cg01922700_CRB1	2	2	CRB1	cg01922700	2107
cg01922997_NVL	2	2	NVL	cg01922997	2108
cg01923894_MRPL55	2	2	MRPL55	cg01923894	2109
cg01925469_TRIM62	2	2	TRIM62	cg01925469	2110
cg01925633_EPB41	3	2	EPB41	cg01925633	2111
cg01928910_MATN1	2	2	MATN1	cg01928910	2114
cg01934856_CASZ1	2	2	CASZ1	cg01934856	2122
cg01939443_RGSL1	2	2	RGSL1	cg01939443	2127
cg01939512_RAB25	2	2	RAB25	cg01939512	2128
cg01941754_MEGF6	3	2	MEGF6	cg01941754	2133
cg01942646_NR0B2	2	2	NR0B2	cg01942646	2134
cg01951489_TNN	2	2	TNN	cg01951489	2138
cg01961086_PRDM16	2	2	PRDM16	cg01961086	2144
cg01961278_DDOST	2	2	DDOST	cg01961278	2145
cg01971224_CELSR2	2	2	CELSR2	cg01971224	2154
cg01973605_CASZ1	2	2	CASZ1	cg01973605	2157
cg01980735_SPSB1	2	2	SPSB1	cg01980735	2165
cg02030141_FAF1	2	2	FAF1	cg02030141	2174
cg02044320_MAGOH	2	2	MAGOH	cg02044320	2177
cg02049829_UBL4B	2	2	UBL4B	cg02049829	2178
cg02060627_CDC42	3	2	CDC42	cg02060627	2191
cg02066936_SSBP3	2	2	SSBP3	cg02066936	2199
cg02077561_RNF207	2	2	RNF207	cg02077561	2210
cg02077669_PDE4B	2	2	PDE4B	cg02077669	2211
cg02078626_PTPRF	2	2	PTPRF	cg02078626	2213
cg02080857_LPAR3	2	2	LPAR3	cg02080857	2214
cg02081327_MMEL1	2	2	MMEL1	cg02081327	2215
cg02083536_PANK4	2	2	PANK4	cg02083536	2218
cg02088347_ENO1	2	2	ENO1	cg02088347	2221
cg02103935_GBP2	2	2	GBP2	cg02103935	2227
cg02106385_CLSPN	2	2	CLSPN	cg02106385	2232
cg02107110_WDR47	2	2	WDR47	cg02107110	2233
cg02124912_GPR37L1	2	2	GPR37L1	cg02124912	2239
cg02155184_GPR61	2	2	GPR61	cg02155184	2249
cg02156570_PLXNA2	2	2	PLXNA2	cg02156570	2252
cg02158815_FNDC7	2	2	FNDC7	cg02158815	2254
cg02172466_CASZ1	2	2	CASZ1	cg02172466	2260
cg02192677_WDR8	2	2	WDR8	cg02192677	2264
cg02233459_MEGF6	2	2	MEGF6	cg02233459	2273
cg02236913_HTR6	2	2	HTR6	cg02236913	2275
cg02245566_OR6K2	2	2	OR6K2	cg02245566	2277
cg02283766_PTGFRN	2	2	PTGFRN	cg02283766	2290
cg02284814_PPP1R12B	2	2	PPP1R12B	cg02284814	2291
cg02292720_HSP90B3P	2	2	HSP90B3P	cg02292720	2303
cg02300576_PRDM16	2	2	PRDM16	cg02300576	2310
cg02304824_CDC14A	2	2	CDC14A	cg02304824	2315
cg02305590_FCRLA	2	2	FCRLA	cg02305590	2317
cg02313130_CAPN8	2	2	CAPN8	cg02313130	2318
cg02328660_ARHGEF16	2	2	ARHGEF16	cg02328660	2319
cg02331769_SLFNL1	2	2	SLFNL1	cg02331769	2325
cg02333588_PRDM16	2	2	PRDM16	cg02333588	2328
cg02342906_CASZ1	2	2	CASZ1	cg02342906	2335
cg02360367_SKI	2	2	SKI	cg02360367	2337
cg02365086_FCN3	2	2	FCN3	cg02365086	2340
cg02385474_PCNXL2	2	2	PCNXL2	cg02385474	2342
cg02391400_MTR	2	2	MTR	cg02391400	2348
cg02448796_KCNAB2	2	2	KCNAB2	cg02448796	2360
cg02451888_NPHP4	2	2	NPHP4	cg02451888	2362
cg02455346_HLX	2	2	HLX	cg02455346	2367
cg02459107_SGIP1	2	2	SGIP1	cg02459107	2372
cg02481000_PRKCZ	2	2	PRKCZ	cg02481000	2380
cg02483627_CDC73	2	2	CDC73	cg02483627	2389
cg02484391_EPHA8	2	2	EPHA8	cg02484391	2390
cg02484476_PRDM16	2	2	PRDM16	cg02484476	2391
cg02485345_SLC25A34	2	2	SLC25A34	cg02485345	2392
cg02492799_GNAT2	2	2	GNAT2	cg02492799	2401
cg02494593_ZNF648	2	2	ZNF648	cg02494593	2404
cg02506501_ACAP3	2	2	ACAP3	cg02506501	2406
cg02508229_FAM46B	2	2	FAM46B	cg02508229	2407
cg02565062_FLJ39609	2	2	FLJ39609	cg02565062	2417
cg02567344_FAM20B	3	2	FAM20B	cg02567344	2420
cg02574394_DAB1	2	2	DAB1	cg02574394	2422
cg02576915_COL9A2	2	2	COL9A2	cg02576915	2423
cg02580006_C1orf89	2	2	C1orf89	cg02580006	2425
cg02619495_WDR8	2	2	WDR8	cg02619495	2439
cg02631196_MEGF6	2	2	MEGF6	cg02631196	2450
cg02633729_DNM3	2	2	DNM3	cg02633729	2452
cg02634222_EDN2	2	2	EDN2	cg02634222	2453
cg02634861_CASZ1	2	2	CASZ1	cg02634861	2455
cg02639011_MKNK1	2	2	MKNK1	cg02639011	2458
cg02650767_OR2B11	2	2	OR2B11	cg02650767	2459
cg02661007_NUP133	2	2	NUP133	cg02661007	2464
cg02661431_RNF220	2	2	RNF220	cg02661431	2465
cg02671382_NOTCH2	2	2	NOTCH2	cg02671382	2470
cg02676476_H6PD	2	2	H6PD	cg02676476	2474
cg02710503_PTPN22	2	2	PTPN22	cg02710503	2485
cg02712922_PRDM16	2	2	PRDM16	cg02712922	2487
cg02736560_GNG12	2	2	GNG12	cg02736560	2492
cg02755455_JAK1	2	2	JAK1	cg02755455	2498
cg02769104_FAM46B	2	2	FAM46B	cg02769104	2503
cg02769743_TMEM201	2	2	TMEM201	cg02769743	2507
cg02774129_DAB1	2	2	DAB1	cg02774129	2513
cg02779210_MST1P2	2	2	MST1P2	cg02779210	2516
cg02795546_OR2C3	3	2	OR2C3	cg02795546	2519
cg02813121_S100A12	2	2	S100A12	cg02813121	2523
cg02831383_PRDM16	2	2	PRDM16	cg02831383	2527
cg02835561_CNN3	3	2	CNN3	cg02835561	2534
cg02839875_WNT4	2	2	WNT4	cg02839875	2536
cg02848835_SMYD3	2	2	SMYD3	cg02848835	2540
cg02851203_SSBP3	2	2	SSBP3	cg02851203	2544
cg02862467_UBR4	2	2	UBR4	cg02862467	2554
cg02892384_PRDM16	2	2	PRDM16	cg02892384	2564
cg02897824_IGFN1	2	2	IGFN1	cg02897824	2574
cg02900760_DTL	2	2	DTL	cg02900760	2576
cg02908963_GPA33	2	2	GPA33	cg02908963	2585
cg02915259_FGGY	2	2	FGGY	cg02915259	2592
cg02925590_C1orf14	3	2	C1orf14	cg02925590	2602
cg02933141_HHIPL2	2	2	HHIPL2	cg02933141	2608
cg02934509_SLC35E2	2	2	SLC35E2	cg02934509	2609
cg02944076_NAV1	2	2	NAV1	cg02944076	2613
cg02957924_ACOT7	2	2	ACOT7	cg02957924	2620
cg02961012_COL9A2	2	2	COL9A2	cg02961012	2625
cg02965157_TRIT1	2	2	TRIT1	cg02965157	2626
cg02967616_BATF3	2	2	BATF3	cg02967616	2627
cg02968844_NOC2L	2	2	NOC2L	cg02968844	2628
cg02971604_B3GALNT2	2	2	B3GALNT2	cg02971604	2629
cg02972475_ZNF362	2	2	ZNF362	cg02972475	2631
cg02994246_ECE1	2	2	ECE1	cg02994246	2648
cg02997163_WDR8	2	2	WDR8	cg02997163	2650
cg02998017_KCNT2	2	2	KCNT2	cg02998017	2651
cg02998281_C1orf146	2	2	C1orf146	cg02998281	2652
cg02999711_MIR135B	2	2	MIR135B	cg02999711	2655
cg03038726_TNN	2	2	TNN	cg03038726	2676
cg03040581_SLC45A1	2	2	SLC45A1	cg03040581	2678
cg03041055_RGS18	2	2	RGS18	cg03041055	2680
cg03041808_EDARADD	2	2	EDARADD	cg03041808	2684
cg03050684_UCK2	2	2	UCK2	cg03050684	2692
cg03053553_RABGAP1L	2	2	RABGAP1L	cg03053553	2698
cg03056547_RPE65	2	2	RPE65	cg03056547	2701
cg03059896_WDTC1	2	2	WDTC1	cg03059896	2709
cg03103023_CLIC4	2	2	CLIC4	cg03103023	2715
cg03116948_SPSB1	2	2	SPSB1	cg03116948	2727
cg03120284_AGRN	2	2	AGRN	cg03120284	2732
cg03127388_PLEKHA6	2	2	PLEKHA6	cg03127388	2737
cg03134083_TNR	2	2	TNR	cg03134083	2742
cg03140289_ROR1	2	2	ROR1	cg03140289	2751
cg03140978_C1orf201	2	2	C1orf201	cg03140978	2753
cg03142741_SNAP47	2	2	SNAP47	cg03142741	2755
cg03149157_ADC	2	2	ADC	cg03149157	2759
cg03165378_S100A9	2	2	S100A9	cg03165378	2762
cg03214385_PTGFRN	2	2	PTGFRN	cg03214385	2769
cg03216475_SLC2A7	2	2	SLC2A7	cg03216475	2771
cg03222483_PGLYRP3	2	2	PGLYRP3	cg03222483	2777
cg03243362_LCK	2	2	LCK	cg03243362	2788
cg03259874_WNT4	2	2	WNT4	cg03259874	2791
cg03335125_CCDC17	2	2	CCDC17	cg03335125	2813
cg03336586_KIAA0562	3	2	KIAA0562	cg03336586	2815
cg03338968_KIAA0562	2	2	KIAA0562	cg03338968	2820
cg03347632_PGBD5	2	2	PGBD5	cg03347632	2826
cg03388712_TBX19	2	2	TBX19	cg03388712	2840
cg03392564_SSU72	2	2	SSU72	cg03392564	2846
cg03392612_KLHL21	2	2	KLHL21	cg03392612	2847
cg03393802_ZNF362	2	2	ZNF362	cg03393802	2848
cg03401034_PRDM16	2	2	PRDM16	cg03401034	2855
cg03401452_MMEL1	2	2	MMEL1	cg03401452	2856
cg03406993_SLC45A1	2	2	SLC45A1	cg03406993	2858
cg03420144_KCNN3	2	2	KCNN3	cg03420144	2861
cg03421300_SFN	2	2	SFN	cg03421300	2864
cg03434085_LOC339524	2	2	LOC339524	cg03434085	2870
cg03436297_POLR3C	2	2	POLR3C	cg03436297	2876
cg03441279_BCL9	2	2	BCL9	cg03441279	2882
cg03443676_CDCA8	2	2	CDCA8	cg03443676	2884
cg03446399_MIR29B2	2	2	MIR29B2	cg03446399	2885
cg03467014_SDF4	2	2	SDF4	cg03467014	2900
cg03471150_IPO9	2	2	IPO9	cg03471150	2903
cg03511974_SLC1A7	2	2	SLC1A7	cg03511974	2906
cg03515933_RIMS3	2	2	RIMS3	cg03515933	2908
cg03516026_C1orf89	2	2	C1orf89	cg03516026	2909
cg03516270_MRPS21	2	2	MRPS21	cg03516270	2910
cg03517712_KIF1B	2	2	KIF1B	cg03517712	2913
cg03525644_C1orf141	2	2	C1orf141	cg03525644	2922
cg03536320_INADL	2	2	INADL	cg03536320	2929
cg03541846_KIAA1026	2	2	KIAA1026	cg03541846	2935
cg03545719_RCC2	2	2	RCC2	cg03545719	2943
cg03548963_CHD5	2	2	CHD5	cg03548963	2948
cg03571764_CAMTA1	2	2	CAMTA1	cg03571764	2952
cg03580801_SDF4	2	2	SDF4	cg03580801	2957
cg03583979_PRDM16	2	2	PRDM16	cg03583979	2960
cg03599618_AGBL4	2	2	AGBL4	cg03599618	2968
cg03603260_C1orf56	2	2	C1orf56	cg03603260	2973
cg03612357_CABC1	2	2	CABC1	cg03612357	2982
cg03612692_PADI3	2	2	PADI3	cg03612692	2984
cg03615849_PCNXL2	2	2	PCNXL2	cg03615849	2986
cg03631837_SKI	2	2	SKI	cg03631837	2991
cg03646354_BSND	2	2	BSND	cg03646354	2992
cg03646788_SPEN	2	2	SPEN	cg03646788	2993
cg03649030_SEC22B	2	2	SEC22B	cg03649030	2996
cg03652564_PBX1	2	2	PBX1	cg03652564	3000
cg03655847_C1orf212	2	2	C1orf212	cg03655847	3002
cg03660578_DFFB	2	2	DFFB	cg03660578	3003
cg03691429_HEATR1	2	2	HEATR1	cg03691429	3011
cg03700143_GABRD	2	2	GABRD	cg03700143	3013
cg03704061_CAPN9	3	2	CAPN9	cg03704061	3015
cg03712798_TTC24	2	2	TTC24	cg03712798	3016
cg03718677_TMOD4	2	2	TMOD4	cg03718677	3017
cg03730249_FOXJ3	2	2	FOXJ3	cg03730249	3024
cg03730703_PEA15	2	2	PEA15	cg03730703	3025
cg03734229_NFYC	2	2	NFYC	cg03734229	3026
cg03734302_ZNF496	2	2	ZNF496	cg03734302	3027
cg03753785_C1orf107	2	2	C1orf107	cg03753785	3037
cg03757398_RAB42	2	2	RAB42	cg03757398	3038
cg03761258_KIAA0562	2	2	KIAA0562	cg03761258	3043
cg03764767_PEX10	2	2	PEX10	cg03764767	3048
cg03770108_CHD5	2	2	CHD5	cg03770108	3050
cg03819515_RUNX3	2	2	RUNX3	cg03819515	3060
cg03830929_TPM3	2	2	TPM3	cg03830929	3061
cg03848004_MAN1C1	2	2	MAN1C1	cg03848004	3068
cg03850797_ARID4B	2	2	ARID4B	cg03850797	3069
cg03852045_ADAM30	2	2	ADAM30	cg03852045	3070
cg03853328_WDR8	2	2	WDR8	cg03853328	3071
cg03883491_TSPAN1	2	2	TSPAN1	cg03883491	3082
cg03886315_SPOCD1	2	2	SPOCD1	cg03886315	3088
cg03887502_MSH4	2	2	MSH4	cg03887502	3090
cg03888918_ZSCAN20	2	2	ZSCAN20	cg03888918	3095
cg03919875_MGST3	2	2	MGST3	cg03919875	3110
cg03935117_ZYG11B	2	2	ZYG11B	cg03935117	3115
cg03935455_PRDM16	2	2	PRDM16	cg03935455	3116
cg03937764_SKI	2	2	SKI	cg03937764	3125
cg03937966_KIF26B	2	2	KIF26B	cg03937966	3126
cg03938516_LRP8	2	2	LRP8	cg03938516	3130
cg03939897_CYB5R1	2	2	CYB5R1	cg03939897	3133
cg03945122_CR1L	2	2	CR1L	cg03945122	3139
cg03961030_ACOT7	2	2	ACOT7	cg03961030	3160
cg03966708_DDX20	2	2	DDX20	cg03966708	3166
cg03976754_FNDC5	3	2	FNDC5	cg03976754	3181
cg03983398_BEST4	2	2	BEST4	cg03983398	3194
cg03987221_C1orf116	2	2	C1orf116	cg03987221	3204
cg03987605_SDCCAG8	2	2	SDCCAG8	cg03987605	3206
cg03988595_LOC115110	2	2	LOC115110	cg03988595	3210
cg04018879_KIAA0562	2	2	KIAA0562	cg04018879	3219
cg04031507_DLGAP3	3	2	DLGAP3	cg04031507	3231
cg04065347_LDLRAD1	2	2	LDLRAD1	cg04065347	3232
cg04078418_CAMTA1	2	2	CAMTA1	cg04078418	3234
cg04080133_DIRAS3	2	2	DIRAS3	cg04080133	3238
cg04092332_CRABP2	2	2	CRABP2	cg04092332	3247
cg04096723_RERE	2	2	RERE	cg04096723	3254
cg04108706_QSOX1	2	2	QSOX1	cg04108706	3263
cg04132510_PRDM16	2	2	PRDM16	cg04132510	3282
cg04138198_ACTN2	2	2	ACTN2	cg04138198	3288
cg04139827_TUFT1	2	2	TUFT1	cg04139827	3290
cg04156896_MFSD2A	2	2	MFSD2A	cg04156896	3305
cg04159546_TP73	2	2	TP73	cg04159546	3307
cg04162383_GLIS1	2	2	GLIS1	cg04162383	3312
cg04165759_RPRD2	2	2	RPRD2	cg04165759	3314
cg04167280_FNDC5	2	2	FNDC5	cg04167280	3316
cg04204526_FLJ42875	2	2	FLJ42875	cg04204526	3319
cg04208466_SLC6A17	2	2	SLC6A17	cg04208466	3323
cg04210471_CAMTA1	2	2	CAMTA1	cg04210471	3325
cg04214370_SMYD3	2	2	SMYD3	cg04214370	3328
cg04215950_CAMTA1	2	2	CAMTA1	cg04215950	3329
cg04223956_NEK7	2	2	NEK7	cg04223956	3333
cg04226375_LDLRAD1	2	2	LDLRAD1	cg04226375	3334
cg04250608_HSD3B1	2	2	HSD3B1	cg04250608	3355
cg04273156_HEATR1	2	2	HEATR1	cg04273156	3372
cg04279832_WDR8	2	2	WDR8	cg04279832	3375
cg04285727_PRDM16	2	2	PRDM16	cg04285727	3378
cg04299400_FMN2	2	2	FMN2	cg04299400	3393
cg04309375_ACOT7	2	2	ACOT7	cg04309375	3399
cg04309480_LRRN2	2	2	LRRN2	cg04309480	3400
cg04313758_VPS45	2	2	VPS45	cg04313758	3405
cg04340324_CAMK1G	2	2	CAMK1G	cg04340324	3411
cg04340510_C1orf66	2	2	C1orf66	cg04340510	3412
cg04340595_CLSTN1	2	2	CLSTN1	cg04340595	3413
cg04348183_MATN1	2	2	MATN1	cg04348183	3421
cg04354126_ACOT7	2	2	ACOT7	cg04354126	3429
cg04364251_ZNF496	2	2	ZNF496	cg04364251	3433
cg04368242_CAMTA1	2	2	CAMTA1	cg04368242	3434
cg04393060_KIAA0319L	2	2	KIAA0319L	cg04393060	3437
cg04396721_MOSC1	2	2	MOSC1	cg04396721	3441
cg04403423_ATP1A1	2	2	ATP1A1	cg04403423	3447
cg04404270_CGN	2	2	CGN	cg04404270	3448
cg04406200_FMN2	3	2	FMN2	cg04406200	3449
cg04423188_PRDM16	2	2	PRDM16	cg04423188	3455
cg04436634_OR10Z1	2	2	OR10Z1	cg04436634	3457
cg04436701_MIR557	2	2	MIR557	cg04436701	3458
cg04436994_HLX	2	2	HLX	cg04436994	3461
cg04438688_GPR89B	2	2	GPR89B	cg04438688	3465
cg04439600_MEGF6	2	2	MEGF6	cg04439600	3467
cg04457794_CTSE	2	2	CTSE	cg04457794	3468
cg04468402_ZNF362	2	2	ZNF362	cg04468402	3469
cg04481810_CCNL2	2	2	CCNL2	cg04481810	3470
cg04490934_HIVEP3	2	2	HIVEP3	cg04490934	3485
cg04503570_ITPKB	2	2	ITPKB	cg04503570	3499
cg04506114_SOAT1	2	2	SOAT1	cg04506114	3501
cg04509266_LOC148696	2	2	LOC148696	cg04509266	3508
cg04509365_AGBL4	3	2	AGBL4	cg04509365	3509
cg04556393_ADCY10	2	2	ADCY10	cg04556393	3520
cg04559485_SDF4	2	2	SDF4	cg04559485	3523
cg04559824_AGRN	2	2	AGRN	cg04559824	3524
cg04562757_ARHGEF10L	2	2	ARHGEF10L	cg04562757	3526
cg04564333_PPPDE1	2	2	PPPDE1	cg04564333	3527
cg04564461_HIVEP3	2	2	HIVEP3	cg04564461	3528
cg04566359_FAM46C	2	2	FAM46C	cg04566359	3529
cg04570265_RNF187	2	2	RNF187	cg04570265	3532
cg04574507_CD1B	2	2	CD1B	cg04574507	3538
cg04575023_ZMPSTE24	2	2	ZMPSTE24	cg04575023	3540
cg04576048_PM20D1	2	2	PM20D1	cg04576048	3541
cg04576607_GNG4	2	2	GNG4	cg04576607	3542
cg04577979_ZNF678	2	2	ZNF678	cg04577979	3543
cg04580226_MORN1	2	2	MORN1	cg04580226	3544
cg04599612_SLC2A7	2	2	SLC2A7	cg04599612	3546
cg04600984_TP73	2	2	TP73	cg04600984	3547
cg04604962_PCNXL2	2	2	PCNXL2	cg04604962	3550
cg04620946_BCAR3	2	2	BCAR3	cg04620946	3562
cg04701869_GUCA2A	2	2	GUCA2A	cg04701869	3573
cg04704887_MOSC1	2	2	MOSC1	cg04704887	3574
cg04705952_IGSF8	2	2	IGSF8	cg04705952	3576
cg04722610_ANKRD36BL1	2	2	ANKRD36BL1	cg04722610	3582
cg04725433_MAN1A2	2	2	MAN1A2	cg04725433	3585
cg04781796_GABRD	3	2	GABRD	cg04781796	3592
cg04788444_TRIM11	2	2	TRIM11	cg04788444	3593
cg04789392_LPHN2	2	2	LPHN2	cg04789392	3595
cg04792642_ATP1A4	2	2	ATP1A4	cg04792642	3599
cg04794393_C1orf159	2	2	C1orf159	cg04794393	3601
cg04835489_ZFYVE9	2	2	ZFYVE9	cg04835489	3608
cg04839673_PGM1	2	2	PGM1	cg04839673	3613
cg04839897_SESN2	2	2	SESN2	cg04839897	3614
cg04841371_SPRR1A	2	2	SPRR1A	cg04841371	3615
cg04841837_ST6GALNAC3	2	2	ST6GALNAC3	cg04841837	3616
cg04842880_CASZ1	2	2	CASZ1	cg04842880	3617
cg04845625_LGR6	2	2	LGR6	cg04845625	3620
cg04846842_TIPRL	2	2	TIPRL	cg04846842	3621
cg04859929_GBA	2	2	GBA	cg04859929	3635
cg04867075_UBL4B	2	2	UBL4B	cg04867075	3643
cg04870174_FAM163A	2	2	FAM163A	cg04870174	3647
cg04874825_SMYD3	2	2	SMYD3	cg04874825	3651
cg04876124_PRDM16	2	2	PRDM16	cg04876124	3652
cg04880992_MIER1	2	2	MIER1	cg04880992	3656
cg04882349_FAM159A	2	2	FAM159A	cg04882349	3658
cg04885068_SLC2A5	2	2	SLC2A5	cg04885068	3660
cg04895895_C1orf198	2	2	C1orf198	cg04895895	3669
cg04896832_CASZ1	2	2	CASZ1	cg04896832	3671
cg04902327_TRIM58	2	2	TRIM58	cg04902327	3677
cg04902899_GNB1	2	2	GNB1	cg04902899	3679
cg04909854_LOC284688	2	2	LOC284688	cg04909854	3684
cg04914198_PPFIA4	2	2	PPFIA4	cg04914198	3688
cg04918708_SOX13	2	2	SOX13	cg04918708	3692
cg04923366_KIAA1026	2	2	KIAA1026	cg04923366	3702
cg04924099_OBSCN	2	2	OBSCN	cg04924099	3704
cg04926200_CPSF3L	2	2	CPSF3L	cg04926200	3705
cg04927360_DUSP23	2	2	DUSP23	cg04927360	3707
cg04930693_ERRFI1	2	2	ERRFI1	cg04930693	3708
cg04933601_TNNI3K	2	2	TNNI3K	cg04933601	3710
cg04936114_BAI2	2	2	BAI2	cg04936114	3717
cg04972669_SLC44A5	2	2	SLC44A5	cg04972669	3724
cg04977376_SMYD3	2	2	SMYD3	cg04977376	3728
cg04988216_ROR1	2	2	ROR1	cg04988216	3742
cg04994795_SLC45A1	2	2	SLC45A1	cg04994795	3752
cg04997235_LRP8	2	2	LRP8	cg04997235	3755
cg05040219_GLIS1	2	2	GLIS1	cg05040219	3772
cg05042706_SLC5A9	2	2	SLC5A9	cg05042706	3773
cg05046020_CD1D	2	2	CD1D	cg05046020	3776
cg05048057_CAMTA1	2	2	CAMTA1	cg05048057	3777
cg05048523_OBSCN	2	2	OBSCN	cg05048523	3781
cg05049094_ATAD3B	3	2	ATAD3B	cg05049094	3782
cg05052384_ARHGEF2	2	2	ARHGEF2	cg05052384	3785
cg05116342_DEDD	2	2	DEDD	cg05116342	3798
cg05126036_ARHGEF2	2	2	ARHGEF2	cg05126036	3813
cg05128437_EFCAB2	2	2	EFCAB2	cg05128437	3819
cg05137378_DAB1	2	2	DAB1	cg05137378	3827
cg05151739_PLEKHG5	2	2	PLEKHG5	cg05151739	3833
cg05152432_NADK	2	2	NADK	cg05152432	3834
cg05156582_SKI	2	2	SKI	cg05156582	3838
cg05161938_TNN	2	2	TNN	cg05161938	3842
cg05162236_CRB1	2	2	CRB1	cg05162236	3844
cg05165422_SLC9A11	2	2	SLC9A11	cg05165422	3846
cg05221264_CELA2A	2	2	CELA2A	cg05221264	3851
cg05233288_PEX14	2	2	PEX14	cg05233288	3857
cg05265611_PRDM16	2	2	PRDM16	cg05265611	3870
cg05266663_EPHB2	2	2	EPHB2	cg05266663	3873
cg05304461_C1orf127	2	2	C1orf127	cg05304461	3881
cg05305413_CELA3A	2	2	CELA3A	cg05305413	3883
cg05332152_VASH2	2	2	VASH2	cg05332152	3887
cg05340048_PRKCZ	2	2	PRKCZ	cg05340048	3894
cg05341549_PIK3CD	2	2	PIK3CD	cg05341549	3896
cg05343184_PRDM16	2	2	PRDM16	cg05343184	3898
cg05347158_COL16A1	2	2	COL16A1	cg05347158	3902
cg05350839_NFASC	2	2	NFASC	cg05350839	3910
cg05352668_C1orf127	2	2	C1orf127	cg05352668	3914
cg05364747_OBSCN	2	2	OBSCN	cg05364747	3919
cg05369553_OR6K3	2	2	OR6K3	cg05369553	3928
cg05371688_CHD5	3	2	CHD5	cg05371688	3931
cg05381287_CAMTA1	2	2	CAMTA1	cg05381287	3944
cg05384663_FCRL3	2	2	FCRL3	cg05384663	3946
cg05389935_UBXN11	2	2	UBXN11	cg05389935	3952
cg05395321_RGS16	3	2	RGS16	cg05395321	3958
cg05480453_PODN	2	2	PODN	cg05480453	3973
cg05488984_ITPKB	2	2	ITPKB	cg05488984	3975
cg05523897_C1orf86	2	2	C1orf86	cg05523897	3979
cg05527091_C1orf159	2	2	C1orf159	cg05527091	3984
cg05590948_AHDC1	2	2	AHDC1	cg05590948	3989
cg05591605_ROR1	2	2	ROR1	cg05591605	3991
cg05594095_HES2	2	2	HES2	cg05594095	3994
cg05597748_FAM41C	2	2	FAM41C	cg05597748	3997
cg05606799_KISS1	2	2	KISS1	cg05606799	4003
cg05625543_NPL	2	2	NPL	cg05625543	4004
cg05628390_MORN1	2	2	MORN1	cg05628390	4007
cg05652547_TTLL10	2	2	TTLL10	cg05652547	4024
cg05653329_KIF17	2	2	KIF17	cg05653329	4026
cg05656251_PRDM16	2	2	PRDM16	cg05656251	4031
cg05659314_S100A14	2	2	S100A14	cg05659314	4035
cg05661060_PTPRF	2	2	PTPRF	cg05661060	4040
cg05663453_ZBTB40	2	2	ZBTB40	cg05663453	4043
cg05695384_CSMD2	2	2	CSMD2	cg05695384	4046
cg05695876_NAV1	2	2	NAV1	cg05695876	4047
cg05700897_LOC148696	2	2	LOC148696	cg05700897	4049
cg05706173_PRKCZ	2	2	PRKCZ	cg05706173	4053
cg05706898_TTLL10	2	2	TTLL10	cg05706898	4055
cg05708629_CAMTA1	2	2	CAMTA1	cg05708629	4058
cg05710142_KIAA1522	2	2	KIAA1522	cg05710142	4060
cg05712300_PRDM16	2	2	PRDM16	cg05712300	4064
cg05724097_PUSL1	2	2	PUSL1	cg05724097	4074
cg05725148_PRDM16	2	2	PRDM16	cg05725148	4075
cg05729000_OBSCN	2	2	OBSCN	cg05729000	4077
cg05752207_CDC73	2	2	CDC73	cg05752207	4084
cg05757843_FGGY	2	2	FGGY	cg05757843	4091
cg05765254_RPTN	2	2	RPTN	cg05765254	4093
cg05767489_CASZ1	2	2	CASZ1	cg05767489	4096
cg05767546_ANKRD13C	2	2	ANKRD13C	cg05767546	4097
cg05770740_QSOX1	2	2	QSOX1	cg05770740	4098
cg05771459_PDE4DIP	3	2	PDE4DIP	cg05771459	4099
cg05773155_LMOD1	2	2	LMOD1	cg05773155	4100
cg05775746_DAB1	2	2	DAB1	cg05775746	4102
cg05781609_COL24A1	2	2	COL24A1	cg05781609	4110
cg05783585_TMEM9	2	2	TMEM9	cg05783585	4111
cg05784088_FCRL2	2	2	FCRL2	cg05784088	4112
cg05785811_CAMTA1	2	2	CAMTA1	cg05785811	4113
cg01949002_SKI	3	2	SKI	cg01949002	4202
cg02050917_SKI	2	2	SKI	cg02050917	4205
cg02743632_HLX	2	2	HLX	cg02743632	4228
